{"cameraMode":{"drawMode":0,"name":"Shaded","section":"Shading Mode"},"sceneLighting":true,"audioPlay":false,"sceneViewState":{"m_AlwaysRefresh":false,"showFog":true,"showSkybox":true,"showFlares":true,"showImageEffects":true,"showParticleSystems":true,"showVisualEffectGraphs":true,"m_FxEnabled":true},"in2DMode":false,"pivot":{"x":-7.567755699157715,"y":28.745559692382814,"z":53.113643646240237},"rotation":{"x":-0.134762242436409,"y":-0.05296395719051361,"z":0.0067735882475972179,"w":-0.9896978735923767},"size":0.8660253882408142,"orthographic":false}